pattern_value,pattern_bits,count,expected,ratio
0,0,4997780,5000000.00,0.999556
1,1,5002220,5000000.00,1.000444
