pattern_value,pattern_bits,count,expected,ratio
0,00,8643807,2499999.75,3.457523
1,10,451968,2499999.75,0.180787
2,01,451967,2499999.75,0.180787
3,11,452257,2499999.75,0.180903
