pattern_value,pattern_bits,count,expected,ratio
0,00,2497368,2499999.75,0.998947
1,10,2500412,2499999.75,1.000165
2,01,2500411,2499999.75,1.000165
3,11,2501808,2499999.75,1.000723
