pattern_value,pattern_bits,count,expected,ratio
0,000,1248539,1249999.75,0.998831
1,100,1248829,1249999.75,0.999063
2,010,1249263,1249999.75,0.999411
3,110,1251149,1249999.75,1.000919
4,001,1248829,1249999.75,0.999063
5,101,1251582,1249999.75,1.001266
6,011,1251148,1249999.75,1.000919
7,111,1250659,1249999.75,1.000527
