pattern_value,pattern_bits,count,expected,ratio
0,0,9095775,5000000.00,1.819155
1,1,904225,5000000.00,0.180845
