{
  "n_sim_steps": 500000,
  "strip_width": 512,
  "burn_in": 1012,
  "n_samples": 498988,
  "distances": [
    1,
    2,
    4,
    8,
    16,
    32,
    64,
    128,
    256,
    512
  ],
  "mi_right": [
    9.7e-07,
    2.5e-07,
    5.4e-07,
    3.6e-07,
    6.2e-07,
    1.4e-07,
    2.89e-06,
    1.79e-06,
    8e-08,
    6e-08
  ],
  "mi_left": [
    3.7e-07,
    3e-06,
    4.6e-07,
    1e-08,
    1.24e-06,
    1.99e-06,
    9.2e-07,
    7.8e-07,
    0.0,
    7.97e-06
  ],
  "mi_right_surrogate": [
    2.48e-06,
    0.0,
    6.1e-07,
    1.3e-06,
    3.72e-06,
    1.3e-06,
    5.4e-06,
    4e-08,
    1.76e-06,
    7.6e-07
  ],
  "mi_left_surrogate": [
    7.9e-07,
    7.3e-07,
    5.1e-07,
    1.63e-06,
    6.44e-06,
    1.84e-06,
    1e-07,
    1.8e-07,
    4.8e-07,
    1.1e-07
  ],
  "te_right": [
    2.93e-06,
    2.9e-07,
    1.76e-06,
    1.7e-07,
    1.97e-06,
    1.22e-06,
    8.63e-06,
    4.92e-06,
    4.15e-06,
    5.39e-06
  ],
  "te_left": [
    0.50073147,
    5.74e-06,
    2.59e-06,
    8.9e-07,
    2.65e-06,
    1.53e-06,
    3.7e-07,
    2.23e-06,
    3.75e-06,
    5.65e-06
  ],
  "te_right_surrogate": [
    3.74e-06,
    4.07e-06,
    5.2e-06,
    2.13e-06,
    8.4e-07,
    2.62e-06,
    0.0,
    1.34e-06,
    1.11e-06,
    1.6e-07
  ],
  "te_left_surrogate": [
    1.71e-06,
    5.4e-07,
    7.54e-06,
    1.15e-06,
    2.1e-06,
    4.26e-06,
    6.5e-07,
    1.34e-06,
    1.103e-05,
    3.06e-06
  ],
  "te_right_excess": [
    -8.1e-07,
    -3.78e-06,
    -3.44e-06,
    -1.96e-06,
    1.12e-06,
    -1.4e-06,
    8.62e-06,
    3.58e-06,
    3.03e-06,
    5.23e-06
  ],
  "te_left_excess": [
    0.50072976,
    5.21e-06,
    -4.95e-06,
    -2.6e-07,
    5.5e-07,
    -2.73e-06,
    -2.8e-07,
    8.9e-07,
    -7.27e-06,
    2.59e-06
  ],
  "te_asymmetry": [
    -0.50072854,
    -5.46e-06,
    -8.3e-07,
    -7.2e-07,
    -6.8e-07,
    -3.1e-07,
    8.26e-06,
    2.69e-06,
    3.9e-07,
    -2.6e-07
  ],
  "max_te_asymmetry": 0.50072854,
  "surrogate_shift": 9973,
  "verification_passed": true,
  "elapsed_s": 64.7
}