{
  "n_sim_steps": 500000,
  "strip_width": 512,
  "burn_in": 1012,
  "n_samples": 498988,
  "distances": [
    1,
    2,
    4,
    8,
    16,
    32,
    64,
    128,
    256,
    512
  ],
  "mi_right": [
    3.7e-07,
    3e-06,
    4.6e-07,
    1e-08,
    1.24e-06,
    5.9e-07,
    2.89e-06,
    1.79e-06,
    8e-08,
    6e-08
  ],
  "mi_left": [
    9.7e-07,
    2.5e-07,
    5.4e-07,
    3.6e-07,
    6.2e-07,
    1.4e-07,
    9.2e-07,
    7.8e-07,
    0.0,
    7.97e-06
  ],
  "te_right": [
    0.50073147,
    5.74e-06,
    2.59e-06,
    8.9e-07,
    2.65e-06,
    2.7e-07,
    8.63e-06,
    4.92e-06,
    4.15e-06,
    5.39e-06
  ],
  "te_left": [
    2.93e-06,
    2.9e-07,
    1.76e-06,
    1.7e-07,
    1.97e-06,
    1.22e-06,
    3.7e-07,
    2.23e-06,
    3.75e-06,
    5.65e-06
  ],
  "te_asymmetry": [
    0.50072854,
    5.46e-06,
    8.3e-07,
    7.2e-07,
    6.8e-07,
    -9.5e-07,
    8.26e-06,
    2.69e-06,
    3.9e-07,
    -2.6e-07
  ],
  "max_te_asymmetry": 0.50072854,
  "verification_passed": true,
  "elapsed_s": 45.4
}