{
  "n_bits": 46000000,
  "sigma_1": 0.000147442,
  "period_candidate_lag": 42795,
  "period_candidate_r": -0.0001064348,
  "period_candidate_z": 0.7219,
  "period_candidate_significant": false,
  "max_abs_r": 0.0008326086,
  "max_abs_lag": 1199928,
  "n_sig_3sigma": 62579,
  "n_sig_5sigma": 16,
  "top_lags": [
    1199928,
    4322818,
    4650758,
    6223801,
    14131009,
    21518012,
    19943339,
    3299682,
    9607262,
    19382813,
    16988256,
    2069424,
    14219141,
    20669817,
    6635092,
    12463814,
    22266131,
    22743130,
    3849482,
    14187663,
    12887579,
    1276079,
    6378450,
    17758127,
    9784790,
    10599415,
    1579860,
    16869283,
    15223546,
    15395366,
    276258,
    20842087,
    17020143,
    10567264,
    5595996,
    16945167,
    15934419,
    18577669,
    18206786,
    22685574,
    19240599,
    17240777,
    12428124,
    9582903,
    2347758,
    15564636,
    7638653,
    22414515,
    15175560,
    17222627,
    4306333,
    18971888,
    6747574,
    21198948,
    5006678,
    8396089,
    12756466,
    17593318,
    20948755,
    16757298,
    7784085,
    22077517,
    15235377,
    5616464,
    15351981,
    12223677,
    17601316,
    18872224,
    20711183,
    11212833,
    12152839,
    11330330,
    16620816,
    22557974,
    20810143,
    7852957,
    16310312,
    3024978,
    8286240,
    22519356,
    18989913,
    10774045,
    19916602,
    10240304,
    11425394,
    20399573,
    19322638,
    14147611,
    14777067,
    8430729,
    14133569,
    12056839,
    191912,
    5946811,
    15622826,
    13873277,
    7303571,
    180859,
    7445563,
    1603173,
    968314,
    15678795,
    10392002,
    5181859,
    19099741,
    2272131,
    218487,
    3127200,
    16258358,
    16608900,
    20411860,
    21762440,
    14220468,
    15101190,
    1129908,
    654712,
    10722169,
    9893774,
    3006743,
    12763635,
    1336266,
    15833937,
    21804622,
    17480924,
    14493537,
    837347,
    1916608,
    5931088,
    20219985,
    10565404,
    4092947,
    3731672,
    1244658,
    24049,
    12598870,
    19782639,
    14031350,
    8142643,
    5364428,
    22159801,
    17989051,
    22499041,
    12288751,
    17395925,
    22009414,
    1963462,
    10442070,
    12805091,
    7474814,
    15839720,
    6086213,
    5592686,
    11105032,
    15080398,
    3741845,
    12447524,
    16937835,
    15261529,
    10229063,
    16830479,
    2239884,
    4636001,
    22893828,
    10909473,
    22926281,
    6198999,
    3515431,
    15467432,
    11959259,
    15837042,
    1690329,
    13310291,
    20224588,
    18381530,
    21220805,
    18433497,
    2734025,
    7743814,
    22582072,
    4178764,
    11975861,
    14757723,
    1018743,
    12198293,
    19394115,
    15932739,
    14090275,
    11345262,
    3873024,
    10907091,
    22373665,
    4708958,
    1205343,
    18510088,
    22725687,
    20543687,
    20064369,
    8425263,
    9679252,
    17397639
  ],
  "top_abs_r": [
    0.0008326086,
    0.0007906957,
    0.0007866956,
    0.000785913,
    0.0007698261,
    0.0007626087,
    0.0007598261,
    0.0007570435,
    0.0007557391,
    0.0007515652,
    0.0007460869,
    0.0007460869,
    0.0007445217,
    0.0007443478,
    0.0007439131,
    0.0007398261,
    0.0007351305,
    0.0007276522,
    0.0007275652,
    0.0007267826,
    0.0007266087,
    0.0007220869,
    0.000720087,
    0.0007199129,
    0.000717913,
    0.0007161739,
    0.000716,
    0.0007133913,
    0.0007113913,
    0.0007110434,
    0.0007108696,
    0.0007108695,
    0.0007102608,
    0.000709913,
    0.0007096521,
    0.0007085217,
    0.000708,
    0.0007073043,
    0.0007069565,
    0.0007046086,
    0.0007042608,
    0.0007039999,
    0.000703913,
    0.000701913,
    0.0007013913,
    0.0007013043,
    0.0007003478,
    0.0006995652,
    0.0006991304,
    0.0006981739,
    0.0006977391,
    0.0006974782,
    0.0006966956,
    0.0006962608,
    0.0006959999,
    0.0006955652,
    0.0006953913,
    0.0006952173,
    0.0006950434,
    0.0006942608,
    0.0006941739,
    0.0006938261,
    0.0006936522,
    0.0006935652,
    0.0006906086,
    0.000689826,
    0.0006897391,
    0.0006897391,
    0.0006895651,
    0.0006894782,
    0.0006894782,
    0.0006893043,
    0.0006891304,
    0.0006886956,
    0.000688087,
    0.0006874782,
    0.0006873044,
    0.0006866087,
    0.0006852173,
    0.0006844347,
    0.000684,
    0.0006835652,
    0.0006831304,
    0.0006825217,
    0.0006823478,
    0.0006821739,
    0.000682,
    0.0006805217,
    0.0006794782,
    0.0006787826,
    0.0006783478,
    0.0006780869,
    0.0006769565,
    0.0006765217,
    0.0006760869,
    0.0006756522,
    0.0006755652,
    0.0006747826,
    0.0006745217,
    0.0006744348,
    0.0006743478,
    0.000673826,
    0.0006737391,
    0.0006735652,
    0.0006735652,
    0.0006731304,
    0.0006726956,
    0.0006725217,
    0.0006724347,
    0.000671913,
    0.0006717391,
    0.0006716521,
    0.0006714783,
    0.0006713913,
    0.0006712173,
    0.0006710434,
    0.0006707826,
    0.0006706956,
    0.0006702608,
    0.0006700869,
    0.0006700869,
    0.0006698261,
    0.0006696522,
    0.0006695652,
    0.0006694783,
    0.0006693912,
    0.0006691304,
    0.0006689565,
    0.000668087,
    0.0006680869,
    0.0006675652,
    0.0006673913,
    0.0006672174,
    0.0006670435,
    0.0006670434,
    0.000665913,
    0.0006655652,
    0.0006655652,
    0.0006653913,
    0.0006651304,
    0.0006643478,
    0.0006643478,
    0.0006636522,
    0.0006633913,
    0.0006631304,
    0.0006630434,
    0.0006628695,
    0.0006627826,
    0.0006627826,
    0.0006622608,
    0.0006622608,
    0.0006618261,
    0.0006617391,
    0.0006616522,
    0.0006616522,
    0.0006614783,
    0.0006613043,
    0.0006613043,
    0.0006612174,
    0.0006612174,
    0.0006610435,
    0.0006609565,
    0.0006606086,
    0.0006605217,
    0.0006605217,
    0.0006604347,
    0.0006597391,
    0.0006597391,
    0.0006596522,
    0.0006593913,
    0.0006593913,
    0.0006592174,
    0.0006591305,
    0.0006583479,
    0.0006582609,
    0.0006582608,
    0.0006581739,
    0.000657913,
    0.000657826,
    0.000657826,
    0.0006575652,
    0.0006574782,
    0.0006573913,
    0.0006573043,
    0.0006568696,
    0.0006567826,
    0.0006563478,
    0.0006562609,
    0.0006562608,
    0.0006562608,
    0.0006557391,
    0.0006557391,
    0.0006557391,
    0.0006556522,
    0.0006556522,
    0.0006555652,
    0.0006554783,
    0.0006553913,
    0.0006553043,
    0.0006552173
  ],
  "elapsed_s": 3.93
}