{
  "n_bits": 46000000,
  "fft_length": 134217728,
  "sigma_lag1": 0.000147442,
  "period_candidate_lag": 42795,
  "period_candidate_r": -0.0001062075,
  "period_candidate_z": 0.72,
  "period_candidate_significant": false,
  "max_abs_r": 0.0010546427,
  "max_abs_lag": 22347439,
  "max_abs_z": 5.1291,
  "n_sig_3sigma": 62184,
  "n_sig_5sigma": 8,
  "top_lags": [
    22347439,
    22634861,
    22459847,
    22093443,
    22266131,
    21556306,
    22839640,
    20483390,
    18983335,
    19899127,
    19382813,
    21894760,
    19322638,
    22617167,
    20309888,
    20570255,
    22928394,
    22387434,
    19785543,
    20384048,
    22907138,
    18370502,
    22499041,
    21247933,
    22880244,
    20803584,
    18998811,
    17922961,
    22762345,
    20907352,
    22730262,
    22020340,
    21246443,
    20815758,
    20746862,
    12152839,
    16869283,
    21610465,
    18625315,
    18046939,
    16933891,
    19692892,
    22472108,
    22289142,
    20613668,
    21434523,
    16988256,
    21356567,
    21342461,
    18112271,
    22675938,
    18872224,
    15261529,
    21098922,
    22433994,
    21622277,
    21900014,
    21870616,
    18526356,
    17363460,
    21438135,
    22299182,
    21265782,
    22823379,
    22706067,
    17451872,
    22449033,
    8286240,
    17089064,
    17798915,
    22757093,
    18014782,
    19322855,
    20243545,
    14112079,
    20808445,
    21006361,
    17649834,
    22721044,
    21255889,
    21604933,
    22667899,
    17593318,
    20045409,
    15582290,
    21641633,
    22167055,
    21639031,
    16956736,
    8396089,
    21665037,
    21943083,
    15896559,
    21935576,
    21872302,
    20309264,
    22713103,
    18876333,
    22425385,
    21776782,
    22722354,
    16457760,
    14281970,
    22587901,
    20165893,
    22554472,
    22057674,
    19006499,
    14392058,
    22070030,
    22092351,
    16596137,
    15118062,
    21430284,
    20488342,
    22134629,
    20726911,
    21354859,
    21970179,
    17349377,
    22020847,
    19329839,
    22009414,
    22042367,
    21587968,
    22404764,
    20277707,
    21951781,
    18625369,
    20521022,
    22672085,
    15197116,
    19519218,
    19138338,
    18308654,
    21429614,
    20427224,
    21293028,
    22990539,
    21451329,
    20083903,
    15479843,
    21426062,
    21690230,
    12958487,
    21868447,
    20931528,
    21574304,
    14177787,
    18026369,
    15725533,
    22934634,
    20360445,
    20374237,
    22895310,
    20836155,
    12598870,
    17395925,
    22628685,
    15657759,
    17577142,
    21024540,
    17614925,
    22223233,
    22249413,
    16215126,
    21718660,
    19208077,
    22559643,
    19869466,
    21081857,
    22052450,
    18096384,
    12776781,
    16217680,
    18724268,
    13791659,
    18501410,
    22264915,
    22695983,
    3299682,
    18708017,
    21314962,
    18304533,
    22043948,
    21878395,
    14748454,
    20810143,
    21992738,
    20575538,
    20802346,
    17538707,
    22926164,
    16288410,
    21713256,
    22929244,
    20313919,
    22110535,
    22691213,
    22741606
  ],
  "top_abs_r": [
    0.0010546427,
    0.0010268717,
    0.0010129501,
    0.0009847088,
    0.0009741775,
    0.0009739935,
    0.0009667379,
    0.000964313,
    0.0009617397,
    0.0009615387,
    0.0009571635,
    0.0009515773,
    0.0009485945,
    0.0009475755,
    0.0009456555,
    0.0009426363,
    0.0009415903,
    0.0009378904,
    0.0009343318,
    0.0009327,
    0.0009303308,
    0.0009294414,
    0.000929111,
    0.0009271549,
    0.0009256153,
    0.0009220357,
    0.0009204409,
    0.000919862,
    0.0009190686,
    0.0009185958,
    0.0009184462,
    0.0009171106,
    0.0009165147,
    0.0009162871,
    0.0009130746,
    0.0009110661,
    0.0009108942,
    0.0009104315,
    0.0009062753,
    0.0009043375,
    0.0009030104,
    0.0008968679,
    0.0008948528,
    0.0008942738,
    0.0008921336,
    0.0008912101,
    0.0008896397,
    0.000887985,
    0.0008878826,
    0.0008878815,
    0.0008875812,
    0.0008866926,
    0.0008855027,
    0.0008843794,
    0.0008828819,
    0.0008827322,
    0.0008819092,
    0.0008813321,
    0.0008806986,
    0.000880693,
    0.0008804299,
    0.0008803071,
    0.000880238,
    0.0008793775,
    0.0008781256,
    0.0008771854,
    0.0008769491,
    0.0008760198,
    0.0008758623,
    0.0008746118,
    0.0008740301,
    0.0008734611,
    0.0008722448,
    0.0008717426,
    0.0008714584,
    0.0008712047,
    0.0008705814,
    0.0008705416,
    0.0008703139,
    0.0008700656,
    0.000869643,
    0.0008686316,
    0.0008684576,
    0.0008681701,
    0.0008679154,
    0.0008671764,
    0.0008670771,
    0.0008664269,
    0.0008659495,
    0.0008646175,
    0.0008640654,
    0.0008638264,
    0.0008635225,
    0.0008631829,
    0.0008624942,
    0.000862412,
    0.0008621587,
    0.0008619409,
    0.000861732,
    0.0008615701,
    0.0008615132,
    0.0008613428,
    0.0008605831,
    0.0008601963,
    0.000860142,
    0.0008600361,
    0.0008597327,
    0.0008596514,
    0.0008592143,
    0.0008586722,
    0.0008585119,
    0.0008581525,
    0.0008578477,
    0.000857397,
    0.0008563144,
    0.0008559264,
    0.0008557324,
    0.0008554627,
    0.0008549793,
    0.0008549552,
    0.000854951,
    0.0008544005,
    0.0008533347,
    0.0008532145,
    0.0008529397,
    0.0008526297,
    0.0008526067,
    0.0008523292,
    0.0008522124,
    0.0008518395,
    0.0008517264,
    0.000851219,
    0.0008511833,
    0.0008507292,
    0.0008505907,
    0.0008494779,
    0.0008493407,
    0.0008485054,
    0.0008483901,
    0.0008482332,
    0.000848083,
    0.0008473416,
    0.0008469136,
    0.0008462441,
    0.000846178,
    0.0008454077,
    0.000845205,
    0.0008450936,
    0.0008447873,
    0.0008444024,
    0.0008437143,
    0.0008431689,
    0.0008430334,
    0.0008429408,
    0.0008421666,
    0.0008419619,
    0.0008419476,
    0.0008413836,
    0.0008413305,
    0.0008411047,
    0.0008410836,
    0.0008407453,
    0.0008404769,
    0.000839517,
    0.0008390951,
    0.0008390836,
    0.0008390806,
    0.0008390215,
    0.0008388524,
    0.0008381766,
    0.0008379838,
    0.0008379145,
    0.0008378841,
    0.0008378779,
    0.0008374096,
    0.0008368611,
    0.0008367086,
    0.0008366247,
    0.0008366096,
    0.0008364652,
    0.0008364341,
    0.0008361796,
    0.000836134,
    0.0008361296,
    0.0008361144,
    0.0008360554,
    0.0008358626,
    0.0008355347,
    0.0008353305,
    0.0008348652,
    0.0008347603,
    0.0008346423,
    0.0008346249,
    0.0008342872,
    0.0008336235,
    0.0008328292,
    0.0008323185,
    0.0008322916,
    0.0008311458,
    0.0008309258
  ],